{"cameraMode":{"drawMode":0,"name":"Shaded","section":"Shading Mode"},"sceneLighting":false,"audioPlay":false,"sceneViewState":{"m_AlwaysRefresh":false,"showFog":true,"showSkybox":false,"showFlares":true,"showImageEffects":true,"showParticleSystems":true,"showVisualEffectGraphs":true,"m_FxEnabled":false},"in2DMode":false,"pivot":{"x":0.506248950958252,"y":0.2929317355155945,"z":0.2421553134918213},"rotation":{"x":-0.02068849839270115,"y":-0.006003905553370714,"z":-0.0001199634134536609,"w":0.9997785687446594},"size":2.872281312942505,"orthographic":false}