{"cameraMode":{"drawMode":0,"name":"Shaded","section":"Shading Mode"},"sceneLighting":false,"audioPlay":false,"sceneViewState":{"m_AlwaysRefresh":false,"showFog":true,"showSkybox":false,"showFlares":true,"showImageEffects":true,"showParticleSystems":true,"showVisualEffectGraphs":true,"m_FxEnabled":false},"in2DMode":false,"pivot":{"x":0.7017665505409241,"y":0.6855387687683106,"z":1.7034987211227418},"rotation":{"x":0.06709624081850052,"y":-0.932884693145752,"z":0.24648022651672364,"w":0.2539622187614441},"size":0.17228156328201295,"orthographic":false}