{"cameraMode":{"drawMode":0,"name":"Shaded","section":"Shading Mode"},"sceneLighting":false,"audioPlay":false,"sceneViewState":{"m_AlwaysRefresh":false,"showFog":true,"showSkybox":false,"showFlares":true,"showImageEffects":true,"showParticleSystems":true,"showVisualEffectGraphs":true,"m_FxEnabled":true},"in2DMode":false,"pivot":{"x":0.05640311539173126,"y":0.033702485263347629,"z":0.17939400672912599},"rotation":{"x":0.04907311871647835,"y":-0.9445056915283203,"z":0.1660228967666626,"w":0.27917858958244326},"size":0.16684871912002564,"orthographic":false}