{"cameraMode":{"drawMode":0,"name":"Shaded","section":"Shading Mode"},"sceneLighting":false,"audioPlay":false,"sceneViewState":{"m_AlwaysRefresh":false,"showFog":true,"showSkybox":true,"showFlares":true,"showImageEffects":true,"showParticleSystems":true,"showVisualEffectGraphs":true,"m_FxEnabled":true},"in2DMode":false,"pivot":{"x":0.08266162872314453,"y":0.6442391872406006,"z":-0.5198700428009033},"rotation":{"x":0.18858660757541657,"y":0.6856289505958557,"z":-0.19108785688877107,"w":0.6766411066055298},"size":0.90739506483078,"orthographic":false}