{"cameraMode":{"drawMode":0,"name":"Shaded","section":"Shading Mode"},"sceneLighting":false,"audioPlay":false,"sceneViewState":{"m_AlwaysRefresh":false,"showFog":true,"showSkybox":false,"showFlares":true,"showImageEffects":true,"showParticleSystems":true,"showVisualEffectGraphs":true,"m_FxEnabled":false},"in2DMode":false,"pivot":{"x":-0.34640878438949587,"y":-0.2372732162475586,"z":0.1504141092300415},"rotation":{"x":0.5775021314620972,"y":-0.04647243767976761,"z":0.03296131640672684,"w":0.8144121170043945},"size":2.872281312942505,"orthographic":false}