{"cameraMode":{"drawMode":0,"name":"Shaded","section":"Shading Mode"},"sceneLighting":false,"audioPlay":false,"sceneViewState":{"m_AlwaysRefresh":false,"showFog":true,"showSkybox":false,"showFlares":true,"showImageEffects":true,"showParticleSystems":true,"showVisualEffectGraphs":true,"m_FxEnabled":false},"in2DMode":false,"pivot":{"x":0.27718815207481387,"y":2.593172550201416,"z":-1.592434287071228},"rotation":{"x":-0.5386345982551575,"y":-0.004287942312657833,"z":0.0027403985150158407,"w":-0.8425511121749878},"size":0.6747902631759644,"orthographic":false}