{"cameraMode":{"drawMode":0,"name":"Shaded","section":"Shading Mode"},"sceneLighting":false,"audioPlay":false,"sceneViewState":{"m_AlwaysRefresh":false,"showFog":true,"showSkybox":false,"showFlares":true,"showImageEffects":true,"showParticleSystems":true,"showVisualEffectGraphs":true,"m_FxEnabled":false},"in2DMode":false,"pivot":{"x":0.29365772008895876,"y":0.24891352653503419,"z":0.03260087966918945},"rotation":{"x":0.012417055666446686,"y":0.9586630463600159,"z":-0.2811868488788605,"w":0.042317572981119159},"size":0.6747902631759644,"orthographic":false}