{"cameraMode":{"drawMode":0,"name":"Shaded","section":"Shading Mode"},"sceneLighting":false,"audioPlay":false,"sceneViewState":{"m_AlwaysRefresh":false,"showFog":true,"showSkybox":false,"showFlares":true,"showImageEffects":true,"showParticleSystems":true,"showVisualEffectGraphs":true,"m_FxEnabled":false},"in2DMode":false,"pivot":{"x":0.14927014708518983,"y":0.9109371304512024,"z":-0.8227793574333191},"rotation":{"x":0.4975670874118805,"y":-0.007808815687894821,"z":0.004484663717448711,"w":0.8673909306526184},"size":0.648070216178894,"orthographic":false}