{"cameraMode":{"drawMode":0,"name":"Shaded","section":"Shading Mode"},"sceneLighting":true,"audioPlay":false,"sceneViewState":{"m_AlwaysRefresh":false,"showFog":true,"showSkybox":true,"showFlares":true,"showImageEffects":true,"showParticleSystems":true,"showVisualEffectGraphs":true,"m_FxEnabled":false},"in2DMode":false,"pivot":{"x":0.8527233600616455,"y":-44.714378356933597,"z":24.70516014099121},"rotation":{"x":0.5499526262283325,"y":0.003755433950573206,"z":-0.002469997853040695,"w":0.8351911902427673},"size":30.648332595825197,"orthographic":false}