{"cameraMode":{"drawMode":0,"name":"Shaded","section":"Shading Mode"},"sceneLighting":true,"audioPlay":false,"sceneViewState":{"m_AlwaysRefresh":false,"showFog":true,"showSkybox":true,"showFlares":true,"showImageEffects":true,"showParticleSystems":true,"showVisualEffectGraphs":true,"m_FxEnabled":false},"in2DMode":false,"pivot":{"x":0.15053153038024903,"y":1.7033313512802125,"z":5.6145172119140629},"rotation":{"x":0.5672953128814697,"y":-0.014834316447377205,"z":0.010201333090662957,"w":0.8233528137207031},"size":5.959808349609375,"orthographic":false}