{"cameraMode":{"drawMode":0,"name":"Shaded","section":"Shading Mode"},"sceneLighting":true,"audioPlay":false,"sceneViewState":{"m_AlwaysRefresh":false,"showFog":true,"showSkybox":true,"showFlares":true,"showImageEffects":true,"showParticleSystems":true,"showVisualEffectGraphs":true,"m_FxEnabled":false},"in2DMode":false,"pivot":{"x":-0.7952016592025757,"y":4.213741302490234,"z":11.388016700744629},"rotation":{"x":0.1443827897310257,"y":-0.012183919548988343,"z":0.0017869488801807166,"w":0.9894566535949707},"size":12.12435531616211,"orthographic":false}