{"cameraMode":{"drawMode":0,"name":"Shaded","section":"Shading Mode"},"sceneLighting":true,"audioPlay":false,"sceneViewState":{"m_AlwaysRefresh":false,"showFog":true,"showSkybox":true,"showFlares":true,"showImageEffects":true,"showParticleSystems":true,"showVisualEffectGraphs":true,"m_FxEnabled":false},"in2DMode":false,"pivot":{"x":-0.3242397904396057,"y":0.4284888207912445,"z":1.9898221492767335},"rotation":{"x":0.33550259470939639,"y":0.6321708559989929,"z":-0.3513946533203125,"w":0.6036338210105896},"size":0.6413804292678833,"orthographic":false}