{"cameraMode":{"drawMode":0,"name":"Shaded","section":"Shading Mode"},"sceneLighting":true,"audioPlay":false,"sceneViewState":{"m_AlwaysRefresh":false,"showFog":true,"showSkybox":true,"showFlares":true,"showImageEffects":true,"showParticleSystems":true,"showVisualEffectGraphs":true,"m_FxEnabled":false},"in2DMode":false,"pivot":{"x":0.15063245594501496,"y":1.0537704229354859,"z":52.59685134887695},"rotation":{"x":-0.6980383992195129,"y":0.014636920765042305,"z":-0.014224359765648842,"w":-0.7158389687538147},"size":9.859471321105957,"orthographic":false}