{"cameraMode":{"drawMode":0,"name":"Shaded","section":"Shading Mode"},"sceneLighting":false,"audioPlay":false,"sceneViewState":{"m_AlwaysRefresh":false,"showFog":true,"showSkybox":false,"showFlares":true,"showImageEffects":true,"showParticleSystems":true,"showVisualEffectGraphs":true,"m_FxEnabled":false},"in2DMode":false,"pivot":{"x":-0.07849493622779846,"y":-0.21472857892513276,"z":3.4518232345581056},"rotation":{"x":-0.02730572782456875,"y":0.0050949291326105598,"z":-0.00013959807984065264,"w":-0.9996143579483032},"size":3.7722811698913576,"orthographic":false}