{"cameraMode":{"drawMode":0,"name":"Shaded","section":"Shading Mode"},"sceneLighting":false,"audioPlay":false,"sceneViewState":{"m_AlwaysRefresh":false,"showFog":true,"showSkybox":false,"showFlares":true,"showImageEffects":true,"showParticleSystems":true,"showVisualEffectGraphs":true,"m_FxEnabled":false},"in2DMode":false,"pivot":{"x":0.08908616006374359,"y":-0.3065861761569977,"z":-0.5647108554840088},"rotation":{"x":0.0797261893749237,"y":-0.000004619893843482714,"z":0.000003300820253571146,"w":0.9968274235725403},"size":1.372281551361084,"orthographic":false}