{"cameraMode":{"drawMode":0,"name":"Shaded","section":"Shading Mode"},"sceneLighting":false,"audioPlay":false,"sceneViewState":{"m_AlwaysRefresh":false,"showFog":true,"showSkybox":false,"showFlares":true,"showImageEffects":true,"showParticleSystems":true,"showVisualEffectGraphs":true,"m_FxEnabled":false},"in2DMode":false,"pivot":{"x":0.24825681746006013,"y":-0.1622593104839325,"z":-0.15392617881298066},"rotation":{"x":0.05727607011795044,"y":0.010477875359356404,"z":-0.0005967672332189977,"w":0.9983145594596863},"size":2.872281312942505,"orthographic":false}