{"cameraMode":{"drawMode":0,"name":"Shaded","section":"Shading Mode"},"sceneLighting":false,"audioPlay":false,"sceneViewState":{"m_AlwaysRefresh":false,"showFog":true,"showSkybox":false,"showFlares":true,"showImageEffects":true,"showParticleSystems":true,"showVisualEffectGraphs":true,"m_FxEnabled":false},"in2DMode":false,"pivot":{"x":5.564932823181152,"y":33.545928955078128,"z":13.270442962646485},"rotation":{"x":0.13086730241775514,"y":0.8629810810089111,"z":0.39598265290260317,"w":-0.28521817922592165},"size":20.18619728088379,"orthographic":false}