{"cameraMode":{"drawMode":0,"name":"Shaded","section":"Shading Mode"},"sceneLighting":false,"audioPlay":false,"sceneViewState":{"m_AlwaysRefresh":false,"showFog":true,"showSkybox":false,"showFlares":true,"showImageEffects":true,"showParticleSystems":true,"showVisualEffectGraphs":true,"m_FxEnabled":false},"in2DMode":false,"pivot":{"x":0.21767418086528779,"y":0.19621425867080689,"z":-1.8036906719207764},"rotation":{"x":0.07671017199754715,"y":-0.02542704902589321,"z":0.001961349043995142,"w":0.996738851070404},"size":1.6722815036773682,"orthographic":false}