{"cameraMode":{"drawMode":0,"name":"Shaded","section":"Shading Mode"},"sceneLighting":false,"audioPlay":false,"sceneViewState":{"m_AlwaysRefresh":false,"showFog":true,"showSkybox":false,"showFlares":true,"showImageEffects":true,"showParticleSystems":true,"showVisualEffectGraphs":true,"m_FxEnabled":false},"in2DMode":false,"pivot":{"x":-0.23723170161247254,"y":0.08516406267881394,"z":-0.43575865030288699},"rotation":{"x":0.04529334604740143,"y":-0.007497127167880535,"z":0.0003477346617728472,"w":0.998957097530365},"size":2.872281312942505,"orthographic":false}