{"cameraMode":{"drawMode":0,"name":"Shaded","section":"Shading Mode"},"sceneLighting":false,"audioPlay":false,"sceneViewState":{"m_AlwaysRefresh":false,"showFog":true,"showSkybox":false,"showFlares":true,"showImageEffects":true,"showParticleSystems":true,"showVisualEffectGraphs":true,"m_FxEnabled":false},"in2DMode":false,"pivot":{"x":-0.6553316712379456,"y":-0.25587940216064455,"z":0.6482584476470947},"rotation":{"x":0.626530110836029,"y":-0.04320221394300461,"z":0.034802909940481189,"w":0.7774579524993897},"size":2.481569766998291,"orthographic":false}