{"cameraMode":{"drawMode":0,"name":"Shaded","section":"Shading Mode"},"sceneLighting":false,"audioPlay":false,"sceneViewState":{"m_AlwaysRefresh":false,"showFog":true,"showSkybox":false,"showFlares":true,"showImageEffects":true,"showParticleSystems":true,"showVisualEffectGraphs":true,"m_FxEnabled":false},"in2DMode":false,"pivot":{"x":-1.1333420276641846,"y":-0.11748123168945313,"z":4.710930824279785},"rotation":{"x":-0.2650679051876068,"y":0.29566478729248049,"z":-0.08572673797607422,"w":-0.9138123393058777},"size":1.1244044303894044,"orthographic":false}