{"cameraMode":{"drawMode":0,"name":"Shaded","section":"Shading Mode"},"sceneLighting":false,"audioPlay":false,"sceneViewState":{"m_AlwaysRefresh":false,"showFog":true,"showSkybox":false,"showFlares":true,"showImageEffects":true,"showParticleSystems":true,"showVisualEffectGraphs":true,"m_FxEnabled":false},"in2DMode":false,"pivot":{"x":-0.9700000286102295,"y":0.15000000596046449,"z":4.309999942779541},"rotation":{"x":-0.30287832021713259,"y":-0.02372969500720501,"z":0.007544524502009153,"w":-0.9527053833007813},"size":0.5244044065475464,"orthographic":false}