{"cameraMode":{"drawMode":0,"name":"Shaded","section":"Shading Mode"},"sceneLighting":false,"audioPlay":false,"sceneViewState":{"m_AlwaysRefresh":false,"showFog":true,"showSkybox":false,"showFlares":true,"showImageEffects":true,"showParticleSystems":true,"showVisualEffectGraphs":true,"m_FxEnabled":false},"in2DMode":false,"pivot":{"x":0.2689301669597626,"y":1.6627939939498902,"z":-1.072405219078064},"rotation":{"x":0.6207892298698425,"y":-0.05046505853533745,"z":0.040096770972013476,"w":0.781326174736023},"size":0.7277185320854187,"orthographic":false}