{"cameraMode":{"drawMode":0,"name":"Shaded","section":"Shading Mode"},"sceneLighting":false,"audioPlay":false,"sceneViewState":{"m_AlwaysRefresh":false,"showFog":true,"showSkybox":false,"showFlares":true,"showImageEffects":true,"showParticleSystems":true,"showVisualEffectGraphs":true,"m_FxEnabled":false},"in2DMode":false,"pivot":{"x":0.4506719708442688,"y":-0.3655000925064087,"z":-0.007366180419921875},"rotation":{"x":0.030303876847028734,"y":-0.010500035248696804,"z":0.0003226816188544035,"w":0.9994959831237793},"size":2.872281312942505,"orthographic":false}