{"cameraMode":{"drawMode":0,"name":"Shaded","section":"Shading Mode"},"sceneLighting":false,"audioPlay":false,"sceneViewState":{"m_AlwaysRefresh":false,"showFog":true,"showSkybox":false,"showFlares":true,"showImageEffects":true,"showParticleSystems":true,"showVisualEffectGraphs":true,"m_FxEnabled":false},"in2DMode":false,"pivot":{"x":-0.003943007439374924,"y":0.15431088209152223,"z":0.14952152967453004},"rotation":{"x":-0.3313308358192444,"y":-0.022077906876802446,"z":0.007755845785140991,"w":-0.9432265162467957},"size":0.4767536520957947,"orthographic":false}