{"cameraMode":{"drawMode":0,"name":"Shaded","section":"Shading Mode"},"sceneLighting":false,"audioPlay":false,"sceneViewState":{"m_AlwaysRefresh":false,"showFog":true,"showSkybox":false,"showFlares":true,"showImageEffects":true,"showParticleSystems":true,"showVisualEffectGraphs":true,"m_FxEnabled":false},"in2DMode":false,"pivot":{"x":0.49395954608917239,"y":1.6720185279846192,"z":60.03615951538086},"rotation":{"x":-0.4910123944282532,"y":0.015190975740551949,"z":-0.008507674559950829,"w":-0.8710340261459351},"size":2.562817096710205,"orthographic":false}