{"cameraMode":{"drawMode":0,"name":"Shaded","section":"Shading Mode"},"sceneLighting":false,"audioPlay":false,"sceneViewState":{"m_AlwaysRefresh":false,"showFog":true,"showSkybox":false,"showFlares":true,"showImageEffects":true,"showParticleSystems":true,"showVisualEffectGraphs":true,"m_FxEnabled":false},"in2DMode":false,"pivot":{"x":-0.9296059608459473,"y":-0.24709022045135499,"z":-0.23906326293945313},"rotation":{"x":0.33984580636024477,"y":-0.016932327300310136,"z":0.006117910146713257,"w":0.9403162002563477},"size":1.3495099544525147,"orthographic":false}