{"cameraMode":{"drawMode":0,"name":"Shaded","section":"Shading Mode"},"sceneLighting":false,"audioPlay":false,"sceneViewState":{"m_AlwaysRefresh":false,"showFog":true,"showSkybox":false,"showFlares":true,"showImageEffects":true,"showParticleSystems":true,"showVisualEffectGraphs":true,"m_FxEnabled":false},"in2DMode":false,"pivot":{"x":0.6074880957603455,"y":-0.43296706676483157,"z":-0.0710740014910698},"rotation":{"x":0.2859762907028198,"y":0.6264098882675171,"z":-0.26543188095092776,"w":0.6748544573783875},"size":1.3205771446228028,"orthographic":false}