{"cameraMode":{"drawMode":0,"name":"Shaded","section":"Shading Mode"},"sceneLighting":false,"audioPlay":false,"sceneViewState":{"m_AlwaysRefresh":false,"showFog":true,"showSkybox":true,"showFlares":true,"showImageEffects":true,"showParticleSystems":true,"showVisualEffectGraphs":true,"m_FxEnabled":false},"in2DMode":false,"pivot":{"x":-2.272282600402832,"y":-61.280677795410159,"z":122.5071792602539},"rotation":{"x":0.19554369151592256,"y":-0.004112043883651495,"z":0.0008069392642937601,"w":0.9807039499282837},"size":89.522216796875,"orthographic":false}