{"cameraMode":{"drawMode":0,"name":"Shaded","section":"Shading Mode"},"sceneLighting":true,"audioPlay":false,"sceneViewState":{"m_AlwaysRefresh":false,"showFog":true,"showSkybox":true,"showFlares":true,"showImageEffects":true,"showParticleSystems":true,"showVisualEffectGraphs":true,"m_FxEnabled":false},"in2DMode":false,"pivot":{"x":-0.018513187766075136,"y":-5.511774063110352,"z":2.0569076538085939},"rotation":{"x":0.2014225423336029,"y":-0.004411615896970034,"z":0.0009140227921307087,"w":0.979505717754364},"size":12.344595909118653,"orthographic":false}